TIME,JADE:CPU,JADE:Memory
0,0.0,0.2734375
1,43.8,84.375
2,6.7,84.51171875
3,4.0,84.5078125
4,12.7,85.00390625
5,8.3,85.2265625
6,12.4,85.48046875
7,6.8,86.40234375
8,5.7,86.4921875
9,4.2,86.94921875
10,3.5,87.1484375
11,3.2,87.390625
12,0.7,87.26171875
13,0.5,87.26171875
14,1.0,87.26171875
15,1.2,87.26171875
16,1.5,86.45703125
17,3.5,86.1171875
18,1.7,86.03125
19,4.5,86.03125
20,3.5,86.03125
21,2.8,86.015625
