TIME,JADE:CPU,JADE:Memory
0,0.0,0.2734375
1,53.6,107.34375
2,8.7,109.6640625
3,4.5,111.98046875
4,5.7,114.63671875
5,5.5,116.87109375
6,6.0,119.4765625
7,10.5,122.4921875
8,6.0,124.6484375
9,4.0,127.078125
10,4.5,129.83984375
11,32.1,180.9375
12,78.4,198.125
13,0.7,198.125
14,1.5,198.078125
15,1.5,198.078125
16,0.5,198.23828125
17,9.5,205.10546875
18,0.7,204.74609375
19,1.0,204.74609375
20,0.7,204.74609375
21,0.7,204.80859375
22,1.0,204.68359375
