TIME,JADE:CPU,JADE:Memory
0,33.3,0.2734375
1,62.5,131.03515625
2,15.4,160.80859375
3,11.7,159.9609375
4,5.7,162.87890625
5,5.2,165.625
6,7.8,168.6328125
7,6.9,171.1953125
8,17.1,184.96484375
9,22.8,179.33984375
10,4.7,184.4765625
11,29.1,209.375
12,87.7,263.6328125
13,94.5,386.24609375
14,55.1,523.97265625
15,0.7,523.97265625
16,1.0,524.34765625
17,1.2,524.26171875
18,1.0,524.26171875
19,2.7,520.83203125
20,0.3,520.484375
21,1.0,520.53125
22,0.7,520.4453125
23,1.0,520.4453125
24,0.7,520.40625
