TIME,JADE:CPU,JADE:Memory
0,0.0,0.2734375
1,44.4,88.13671875
2,6.7,89.390625
3,4.7,90.23046875
4,5.2,91.16015625
5,6.5,92.0
6,7.9,92.94140625
7,4.8,94.84765625
8,11.2,95.6953125
9,5.0,96.6328125
10,3.3,97.6328125
11,10.0,107.5234375
12,4.0,108.27734375
13,0.7,108.1953125
14,1.0,108.19921875
15,0.5,108.19921875
16,1.2,108.30859375
17,8.7,141.8125
18,7.8,139.96484375
19,0.7,139.96484375
20,0.7,139.96484375
21,0.7,124.31640625
22,1.2,124.20703125
