TIME,JASON:CPU,JASON:Memory
0,42.5,13.08203125
1,41.5,72.8984375
2,41.7,121.12109375
3,2.3,121.1484375
4,5.2,121.30859375
5,3.0,121.375
6,11.2,121.3671875
7,3.2,121.234375
8,11.0,125.48046875
