TIME,JASON:CPU,JASON:Memory
0,42.4,8.1796875
1,42.2,73.12109375
2,33.8,116.34375
3,2.2,116.35546875
4,6.7,118.37890625
